id,name,model_id:id,group_id:id,perm_read,perm_write,perm_create,perm_unlink
access_mcm_produce_cbcs_user,mcm.produce.cbcs.user,model_mcm_produce_cbcs,base.group_user,1,1,1,1
access_mcm_produce_cbcs_line_user,mcm.produce.cbcs.line.user,model_mcm_produce_cbcs_line,base.group_user,1,1,1,1
manufacturing_cbcs.access_mcm_bom,access_mcm_bom,manufacturing_cbcs.model_mcm_bom,base.group_user,1,1,1,1
manufacturing_cbcs.access_mcm_bom_line,access_mcm_bom_line,manufacturing_cbcs.model_mcm_bom_line,base.group_user,1,1,1,1
